{
	"class_name" : "PinholeCameraParameters",
	"extrinsic" : 
	[
		0.96687951606536415,
		0.20444637144370914,
		0.15279294033661422,
		0.0,
		0.06627645022959526,
		-0.77921687543450013,
		0.62324031736005236,
		0.0,
		0.24647805897923492,
		-0.59247172273585835,
		-0.76695881519168496,
		0.0,
		-29.130694226268105,
		12.761543747574478,
		588.31463717969029,
		1.0
	],
	"intrinsic" : 
	{
		"height" : 720,
		"intrinsic_matrix" : 
		[
			623.53829072479584,
			0.0,
			0.0,
			0.0,
			623.53829072479584,
			0.0,
			639.5,
			359.5,
			1.0
		],
		"width" : 1280
	},
	"version_major" : 1,
	"version_minor" : 0
}