{
	"class_name" : "PinholeCameraParameters",
	"extrinsic" : 
	[
		0.039797421560961381,
		0.99460383430526234,
		-0.095809070668540094,
		0.0,
		0.69881017241436982,
		0.040830660267954073,
		0.71414088253808983,
		0.0,
		0.71419920762158373,
		-0.095373318949028382,
		-0.69341432193555752,
		0.0,
		33.503521448729032,
		-14.201143254898255,
		727.76652543668979,
		1.0
	],
	"intrinsic" : 
	{
		"height" : 720,
		"intrinsic_matrix" : 
		[
			623.53829072479584,
			0.0,
			0.0,
			0.0,
			623.53829072479584,
			0.0,
			639.5,
			359.5,
			1.0
		],
		"width" : 1280
	},
	"version_major" : 1,
	"version_minor" : 0
}