{
	"class_name" : "PinholeCameraParameters",
	"extrinsic" : 
	[
		-0.48585946225243909,
		0.30489460024017484,
		-0.81913360673589442,
		0.0,
		-0.39930428465778883,
		-0.91109525932260094,
		-0.10228155598060794,
		0.0,
		-0.77749383997154753,
		0.2773890970897499,
		0.56440997300015083,
		0.0,
		0.75606356105185657,
		0.13597156364969595,
		0.091103999657124957,
		1.0
	],
	"intrinsic" : 
	{
		"height" : 1080,
		"intrinsic_matrix" : 
		[
			935.30743608719376,
			0.0,
			0.0,
			0.0,
			935.30743608719376,
			0.0,
			959.5,
			539.5,
			1.0
		],
		"width" : 1920
	},
	"version_major" : 1,
	"version_minor" : 0
}