{
	"class_name" : "PinholeCameraParameters",
	"extrinsic" : 
	[
		0.16895879539477138,
		-0.74862287835019392,
		-0.64110585044079793,
		0.0,
		0.23227936608242383,
		-0.60189289779537647,
		0.7640492364212087,
		0.0,
		-0.95786179668629412,
		-0.27800849914014403,
		0.072194548649807469,
		0.0,
		0.33565970771502351,
		-0.045321502387790105,
		2.0741738170078965,
		1.0
	],
	"intrinsic" : 
	{
		"height" : 1080,
		"intrinsic_matrix" : 
		[
			935.30743608719376,
			0.0,
			0.0,
			0.0,
			935.30743608719376,
			0.0,
			959.5,
			539.5,
			1.0
		],
		"width" : 1920
	},
	"version_major" : 1,
	"version_minor" : 0
}