{
	"class_name" : "PinholeCameraParameters",
	"extrinsic" : 
	[
		0.80313741310953413,
		0.58945557584112651,
		-0.086674216313338714,
		0.0,
		0.17361367040107403,
		-0.37070703448637621,
		-0.91237853330302765,
		0.0,
		-0.56993735542916713,
		0.71771750619036923,
		-0.40006623475905168,
		0.0,
		5.0807699761660103,
		-8.1158651224701828,
		610.09113619769994,
		1.0
	],
	"intrinsic" : 
	{
		"height" : 720,
		"intrinsic_matrix" : 
		[
			623.53829072479584,
			0.0,
			0.0,
			0.0,
			623.53829072479584,
			0.0,
			639.5,
			359.5,
			1.0
		],
		"width" : 1280
	},
	"version_major" : 1,
	"version_minor" : 0
}