{
	"class_name" : "PinholeCameraParameters",
	"extrinsic" : 
	[
		1.0,
		-0.0,
		-0.0,
		0.0,
		0.0,
		-1.0,
		-0.0,
		0.0,
		0.0,
		-0.0,
		-1.0,
		0.0,
		0.080663278698921204,
		0.37501876801252365,
		1.3859069489103462,
		1.0
	],
	"intrinsic" : 
	{
		"height" : 743,
		"intrinsic_matrix" : 
		[
			643.45687501183795,
			0.0,
			0.0,
			0.0,
			643.45687501183795,
			0.0,
			460.0,
			371.0,
			1.0
		],
		"width" : 921
	},
	"version_major" : 1,
	"version_minor" : 0
}