{
	"class_name" : "PinholeCameraParameters",
	"extrinsic" : 
	[
		0.77096949906371237,
		0.35151543117573142,
		-0.53107714426323038,
		0.0,
		-0.023236901583342628,
		-0.81780247505796433,
		-0.57502970201014303,
		0.0,
		-0.63644801666613304,
		0.45567094863992319,
		-0.62233263504924619,
		0.0,
		20.450149591342722,
		-3.0654597867448956,
		610.97645822752929,
		1.0
	],
	"intrinsic" : 
	{
		"height" : 720,
		"intrinsic_matrix" : 
		[
			623.53829072479584,
			0.0,
			0.0,
			0.0,
			623.53829072479584,
			0.0,
			639.5,
			359.5,
			1.0
		],
		"width" : 1280
	},
	"version_major" : 1,
	"version_minor" : 0
}