{
	"class_name" : "PinholeCameraParameters",
	"extrinsic" : 
	[
		-0.56242149102582695,
		0.32420618891368563,
		0.7606394766920459,
		0.0,
		0.6471456832515613,
		0.74519828629353801,
		0.16087877036465775,
		0.0,
		-0.51466934150108046,
		0.58272623175487648,
		-0.62892416692603448,
		0.0,
		15.051447875671755,
		-4.7970582797521502,
		599.93661076568037,
		1.0
	],
	"intrinsic" : 
	{
		"height" : 720,
		"intrinsic_matrix" : 
		[
			623.53829072479584,
			0.0,
			0.0,
			0.0,
			623.53829072479584,
			0.0,
			639.5,
			359.5,
			1.0
		],
		"width" : 1280
	},
	"version_major" : 1,
	"version_minor" : 0
}